word,trans,kk,level
a/an,一, /æn/,1
able,能；可以, /ˈebl/,1
about,關於, /əˈbaʊt/,1
above,在...上面, /əˈbʌv/,1
according to,根據, /əˈkɔrdɪŋ tu/,1
across,穿過, /əˈkrɔs/,1
act,扮演, /ækt/,1
action,行動, /ˈækʃən/,1
actor/actress,男演員/女演員, /ˈæktɚ/ /ˈæktrɪs/,1
add,添加, /æd/,1
address,地址, /əˈdrɛs/,1
adult,成年人, /əˈdʌlt/,1
afraid,害怕的, /əˈfred/,1
after,在...之後, /ˈæftɚ/,1
afternoon,下午, /ˌæftɚˈnun/,1
again,再次, /əˈɡɛn/,1
against,反對；對抗, /əˈɡɛnst/,1
age,年齡, /edʒ/,1
ago,之前, /əˈɡo/,1
agree,同意, /əˈɡri/,1
ahead,向前；提前, /əˈhɛd/,1
air,空氣, /ɛr/,1
airplane/plane,飛機, /ˈɛrˌplen/ /plen/,1
airport,機場, /ˈɛrˌpɔrt/,1
all,全部, /ɔl/,1
almost,幾乎, /ˈɔlˌmost/,1
along,沿著, /əˈlɔŋ/,1
already,已經, /ɔlˈrɛdi/,1
also,也, /ˈɔlso/,1
although,雖然, /ɔlˈðo/,1
always,總是, /ˈɔlwez/,1
ambulance,救護車, /ˈæmbjələns/,1
america,美國, /əˈmɛrəkə/,1
american,美國的；美國人, /əˈmɛrəkən/,1
and,和, /ænd/,1
angry,生氣的, /ˈæŋɡri/,1
animal,動物, /ˈænəməl/,1
another,另一個, /əˈnʌðɚ/,1
answer,回答, /ˈænsɚ/,1
any,任何, /ˈɛni/,1
anyone/anybody,任何人, /ˈɛniˌwʌn/ /ˈɛniˌbɑdi/,1
anything,任何事, /ˈɛniˌθɪŋ/,1
apartment,公寓, /əˈpɑrtmənt/,1
appear,出現, /əˈpɪr/,1
apple,蘋果, /ˈæpl/,1
april,四月, /ˈeprəl/,1
area,區域, /ˈɛriə/,1
arm,手臂, /ɑrm/,1
army,陸軍；軍隊, /ˈɑrmi/,1
around,在...周圍, /əˈraʊnd/,1
arrange,安排, /əˈrendʒ/,1
arrive,到達, /əˈraɪv/,1
art,藝術, /ɑrt/,1
artist,藝術家, /ˈɑrtɪst/,1
as,作為；當...時, /æz/,1
ask,詢問；要求, /æsk/,1
at,在, /æt/,1
attack,攻擊, /əˈtæk/,1
august,八月, /ˈɔɡəst/,1
aunt,伯母；姑母；姨母, /ænt/,1
autumn/fall,秋天, /ˈɔtəm/ /fɔl/,1
away,離開, /əˈwe/,1
baby,嬰兒, /ˈbebi/,1
back,背部；後面, /bæk/,1
bad,壞的, /bæd/,1
bag,包包, /bæɡ/,1
bakery,麵包店, /ˈbekəri/,1
balcony,陽台, /ˈbælkəni/,1
ball,球, /bɔl/,1
banana,香蕉, /bəˈnænə/,1
band,樂團, /bænd/,1
bank,銀行, /bæŋk/,1
barbecue,烤肉, /ˈbɑrbɪˌkju/,1
baseball,棒球, /ˈbesˌbɔl/,1
basket,籃子, /ˈbæskɪt/,1
basketball,籃球, /ˈbæskətˌbɔl/,1
bat,球棒；蝙蝠, /bæt/,1
bath,洗澡, /bæθ/,1
bathroom,浴室, /ˈbæθˌrum/,1
be,是；存在, /bi/,1
beach,海灘, /bitʃ/,1
bear,熊；承受, /bɛr/,1
beautiful,美麗的, /ˈbjutəfəl/,1
because,因為, /bɪˈkɔz/,1
become,成為, /bɪˈkʌm/,1
bed,床, /bɛd/,1
bedroom,臥室, /ˈbɛdˌrum/,1
bee,蜜蜂, /bi/,1
beef,牛肉, /bif/,1
before,在...之前, /bɪˈfɔr/,1
begin,開始, /bɪˈɡɪn/,1
beginner,初學者, /bɪˈɡɪnɚ/,1
behind,在...後面, /bɪˈhaɪnd/,1
believe,相信, /bəˈliv/,1
bell,鈴；鐘, /bɛl/,1
belong,屬於, /bɪˈlɔŋ/,1
below,在...下面, /bəˈlo/,1
belt,皮帶, /bɛlt/,1
bench,長椅, /bɛntʃ/,1
beside,在...旁邊, /bɪˈsaɪd/,1
besides,此外；除了..., /bɪˈsaɪdz/,1
between,在...之間, /bəˈtwin/,1
bicycle/bike,腳踏車, /ˈbaɪsɪkl/ /baɪk/,1
big,大的, /bɪɡ/,1
bill,帳單；鈔票, /bɪl/,1
bird,鳥, /bɝd/,1
birthday,生日, /ˈbɝθˌde/,1
bite,咬, /baɪt/,1
bitter,苦的, /ˈbɪtɚ/,1
black,黑色的, /blæk/,1
blackboard,黑板, /ˈblækˌbɔrd/,1
blanket,毯子, /ˈblæŋkɪt/,1
blind,失明的, /blaɪnd/,1
block,街區；阻塞, /blɑk/,1
blow,吹, /blo/,1
blue,藍色的, /blu/,1
boat,小船, /bot/,1
body,身體, /ˈbɑdi/,1
boiled,煮沸的；水煮的, /bɔɪld/,1
book,書本；預訂, /bʊk/,1
bookstore,書店, /ˈbʊkˌstɔr/,1
bored,感到無聊的, /bɔrd/,1
boring,令人無聊的, /ˈbɔrɪŋ/,1
born,出生, /bɔrn/,1
borrow,借入, /ˈbɑro/,1
boss,老闆, /bɔs/,1
both,兩者都, /boθ/,1
bottle,瓶子, /ˈbɑtl/,1
bottom,底部, /ˈbɑtəm/,1
bowl,碗, /bol/,1
box,箱子；盒子, /bɑks/,1
boy,男孩, /bɔɪ/,1
bread,麵包, /brɛd/,1
break,打破；休息, /brek/,1
breakfast,早餐, /ˈbrɛkfəst/,1
bridge,橋樑, /brɪdʒ/,1
bright,明亮的, /braɪt/,1
bring,帶來, /brɪŋ/,1
brother,兄弟, /ˈbrʌðɚ/,1
brown,棕色的, /braʊn/,1
brush,刷子；刷, /brʌʃ/,1
bug,昆蟲, /bʌɡ/,1
build,建造, /bɪld/,1
building,建築物, /ˈbɪldɪŋ/,1
bus,公車, /bʌs/,1
busy,忙碌的, /ˈbɪzi/,1
but,但是, /bʌt/,1
butter,奶油, /ˈbʌtɚ/,1
butterfly,蝴蝶, /ˈbʌtɚˌflaɪ/,1
buy,購買, /baɪ/,1
by,在...旁邊；經由, /baɪ/,1
cabbage,高麗菜, /ˈkæbɪdʒ/,1
cable car,纜車, /ˈkebl kɑr/,1
cafe,咖啡廳, /kæˈfe/,1
cafeteria,自助餐廳, /ˌkæfəˈtɪriə/,1
cake,蛋糕, /kek/,1
calendar,日曆, /ˈkæləndɚ/,1
call,打電話；呼叫, /kɔl/,1
camel,駱駝, /ˈkæml/,1
camera,照相機, /ˈkæmrə/,1
camp,露營, /kæmp/,1
can,能；罐頭, /kæn/,1
candle,蠟燭, /ˈkændl/,1
candy,糖果, /ˈkændi/,1
cap,便帽, /kæp/,1
car,汽車, /kɑr/,1
card,卡片, /kɑrd/,1
care,關心；照顧, /kɛr/,1
careful,小心謹慎的, /ˈkɛrfəl/,1
careless,粗心的, /ˈkɛrlɪs/,1
carpet,地毯, /ˈkɑrpɪt/,1
carrot,胡蘿蔔, /ˈkærət/,1
carry,提；拿；搬運, /ˈkæri/,1
cart,手推車, /kɑrt/,1
cartoon,卡通, /kɑrˈtun/,1
case,盒；箱；情況, /kes/,1
cash,現金, /kæʃ/,1
cassette,卡帶, /kəˈsɛt/,1
cat,貓, /kæt/,1
catch,抓住；趕上, /kætʃ/,1
cause,造成；原因, /kɔz/,1
cd,光碟, /ˌsiˈdi/,1
ceiling,天花板, /ˈsilɪŋ/,1
cellphone,手機, /ˈsɛlˌfon/,1
cent,分（貨幣單位）, /sɛnt/,1
center,中心, /ˈsɛntɚ/,1
cereal,麥片, /ˈsɪriəl/,1
certain,確定的, /ˈsɝtn/,1
chair,椅子, /tʃɛr/,1
chalk,粉筆, /tʃɔk/,1
chance,機會, /tʃæns/,1
change,改變；零錢, /tʃendʒ/,1
cheap,便宜的, /tʃip/,1
cheat,作弊；欺騙, /tʃit/,1
check,檢查；支票, /tʃɛk/,1
cheer,歡呼；加油, /tʃɪr/,1
cheese,起司, /tʃiz/,1
chemistry,化學, /ˈkɛmɪstri/,1
chess,西洋棋, /tʃɛs/,1
chicken,雞肉；小雞, /ˈtʃɪkən/,1
child,小孩, /tʃaɪld/,1
china,中國, /ˈtʃaɪnə/,1
chinese,中國的；中文；中國人, /tʃaɪˈniz/,1
chocolate,巧克力, /ˈtʃɔklət/,1
choice,選擇, /tʃɔɪs/,1
choose,選擇, /tʃuz/,1
chopsticks,筷子, /ˈtʃɑpˌstɪks/,1
christmas,聖誕節, /ˈkrɪsməs/,1
church,教堂, /tʃɝtʃ/,1
circle,圓圈；畫圈, /ˈsɝkl/,1
city,城市, /ˈsɪti/,1
class,班級；課堂, /klæs/,1
classmate,同班同學, /ˈklæsˌmet/,1
classroom,教室, /ˈklæsˌrum/,1
clean,乾淨的；打掃, /klin/,1
clear,清楚的, /klɪr/,1
climb,爬, /klaɪm/,1
clock,時鐘, /klɑk/,1
close,關閉；親密的, /kloz/,1
closet,壁櫥；衣櫃, /ˈklɑzɪt/,1
clothes,衣服, /kloz/,1
clothes hanger,衣架, /kloz ˈhæŋɚ/,1
cloud,雲, /klaʊd/,1
cloudy,多雲的, /ˈklaʊdi/,1
club,社團；俱樂部, /klʌb/,1
coat,外套；大衣, /kot/,1
cockroach,蟑螂, /ˈkɑkˌrotʃ/,1
coffee,咖啡, /ˈkɑfi/,1
coin,硬幣, /kɔɪn/,1
coke,可樂, /kok/,1
cold,寒烈的；感冒, /kold/,1
collect,收集, /kəˈlɛkt/,1
college,大學；學院, /ˈkɑlɪdʒ/,1
color,顏色, /ˈkʌlɚ/,1
comb,梳子；梳頭, /kom/,1
come,來, /kʌm/,1
comfortable,舒適的, /ˈkʌmftərbəl/,1
comic,漫畫, /ˈkɑmɪk/,1
common,常見的；普遍的, /ˈkɑmən/,1
computer,電腦, /kəmˈpjutɚ/,1
convenient,方便的, /kənˈvinjənt/,1
cook,煮飯；廚師, /kʊk/,1
cookie,餅乾, /ˈkʊki/,1
cool,涼爽的；酷的, /kul/,1
copy,複製；抄寫, /ˈkɑpi/,1
corner,角落, /ˈkɔrnɚ/,1
correct,正確的；糾正, /kəˈrɛkt/,1
cost,花費；成本, /kɔst/,1
couch,沙發, /kaʊtʃ/,1
count,數數, /kaʊnt/,1
country,國家；鄉下, /ˈkʌntri/,1
cousin,堂表兄弟姊妹, /ˈkʌzn/,1
cover,覆蓋；封面, /ˈkʌvɚ/,1
cow,母牛, /kaʊ构造/,1
crazy,發瘋的；狂熱的, /ˈkrezi/,1
cream,鮮奶油, /krim/,1
cross,越過；十字架, /krɔs/,1
cry,哭泣, /kraɪ/,1
cup,杯子, /kʌp/,1
cupboard,櫥櫃, /ˈkʌbɚd/,1
cute,可愛的, /kjut/,1
cut,剪；切, /kʌt/,1
dad/daddy,爸爸, /dæd/ /ˈdædi/,1
dance,跳舞, /dæns/,1
dangerous,危險的, /ˈdendʒərəs/,1
dark,黑暗的, /dɑrk/,1
date,日期；約會, /det/,1
daughter,女兒, /ˈdɔtɚ/,1
day,天；白天, /de/,1
dead,死的, /dɛd/,1
deal,交易；處理, /dil/,1
dear,親愛的, /dɪr/,1
december,十二月, /dɪˈsɛmbɚ/,1
decide,決定, /dɪˈsaɪd/,1
delicious,美味的, /dɪˈlɪʃəs/,1
dentist,牙醫, /ˈdɛntɪst/,1
department,部門；科系, /dɪˈpɑrtmənt/,1
department store,百貨公司, /dɪˈpɑrtmənt stɔr/,1
describe,描述, /dɪˈskraɪb/,1
desk,書桌, /dɛsk/,1
dictionary,字典, /ˈdɪkʃəˌnɛri/,1
die,死亡, /daɪ/,1
different,不同的, /ˈdɪfrənt/,1
difficult,困難的, /ˈdɪfəkəlt/,1
dig,挖掘, /dɪɡ/,1
dining room,餐廳, /ˈdaɪnɪŋ rum/,1
dinner,晚餐, /ˈdɪnɚ/,1
dinosaur,恐龍, /ˈdaɪnəˌsɔr/,1
dirty,髒的, /ˈdɝti/,1
dish,盤子；菜餚, /dɪʃ/,1
do,做, /du/,1
doctor/doc,醫生, /ˈdɑktɚ/ /dɑk/,1
dog,狗, /dɔɡ/,1
doll,洋娃娃, /dɑl/,1
dollar,元（貨幣單位）, /ˈdɑlɚ/,1
door,門, /dɔr/,1
dot,點, /dɑt/,1
double,雙倍的, /ˈdʌbl/,1
doubt,懷疑, /daʊt/,1
down,向下, /daʊn/,1
dozen,一打（12個）, /ˈdʌzn/,1
draw,畫畫；拉, /drɔ/,1
dream,做夢；夢想, /drim/,1
dress,洋裝；穿衣, /drɛs/,1
drink,飲料；喝, /drɪŋk/,1
drive,開車, /draɪv/,1
driver,司機, /ˈdraɪvɚ/,1
drop,滴下；掉落, /drɑp/,1
drum,鼓, /drʌm/,1
dry,乾的, /draɪ/,1
duck,鴨子, /dʌk/,1
during,在...期間, /ˈdʊrɪŋ/,1
each,每個, /itʃ/,1
ear,耳朵, /ɪr/,1
early,早的, /ˈɝli/,1
earth,地球；土地, /ɝθ/,1
east,東方, /ist/,1
easy,容易的, /ˈizi/,1
eat,吃, /it/,1
egg,蛋, /ɛɡ/,1
eight,八, /et/,1
eighteen,十八, /ˌeˈtin/,1
eighty,八十, /ˈeti/,1
either,兩者之一；也不, /ˈiðɚ/,1
elementary school,國小, /ˌɛləˈmɛntri skul/,1
elephant,大象, /ˈɛləfənt/,1
eleven,十一, /ɪˈlɛvn/,1
else,其他的, /ɛls/,1
e-mail,電子郵件, /ˈiˌmel/,1
end,結束, /ɛnd/,1
engineer,工程師, /ˌɛndʒəˈnɪr/,1
english,英文；英國的, /ˈɪŋɡlɪʃ/,1
enjoy,享受, /ɛnˈdʒɔɪ/,1
enough,足夠的, /ɪˈnʌf/,1
enter,進入, /ˈɛntɚ/,1
envelope,信封, /ˈɛnvəˌlop/,1
eraser,橡皮擦, /ɪˈresɚ/,1
eve,前夕, /iv/,1
even,甚至；偶數的, /ˈivən/,1
evening,傍晚；晚上, /ˈivnɪŋ/,1
ever,曾經, /ˈɛvɚ/,1
every,每個, /ˈɛvri/,1
everyone/everybody,每個人, /ˈɛvriˌwʌn/ /ˈɛvriˌbɑdi/,1
everything,每件事, /ˈɛvriˌθɪŋ/,1
example,例子, /ɪɡˈzæmpl/,1
excellent,優秀的, /ˈɛksələnt/,1
except,除了...之外, /ɪkˈsɛpt/,1
excited,感到興奮的, /ɪkˈsaɪtɪd/,1
exciting,令人興奮的, /ɪkˈsaɪtɪŋ/,1
excuse,原諒；藉口, /ɪkˈskjus/,1
exercise,運動；練習, /ˈɛksɚˌsaɪz/,1
expensive,昂貴的, /ɪkˈspɛnsɪv/,1
experience,經驗；體驗, /ɪkˈspɪriəns/,1
eye,眼睛, /aɪ/,1
face,臉；面對, /fes/,1
fact,事實, /fækt/,1
factory,工廠, /ˈfæktəri/,1
fail,失敗；不及格, /fel/,1
fair,公平的；展覽會, /fɛr/,1
family,家庭, /ˈfæməli/,1
famous,著名的, /ˈfeməs/,1
fan,風扇；粉絲, /fæn/,1
far,遙遠的, /fɑr/,1
farm,農場, /fɑrm/,1
farmer,農夫, /ˈfɑrmɚ/,1
fast,快的, /fæst/,1
fat,胖的；脂肪, /fæt/,1
father,父親, /ˈfɑðɚ/,1
favorite,最喜愛的, /ˈfevərɪt/,1
february,二月, /ˈfɛbjuˌɛri/,1
feed,餵食, /fid/,1
feel,感覺, /fil/,1
feeling,感覺；情感, /ˈfilɪŋ/,1
few,很少的（可數）, /fju/,1
fifteen,十五, /fɪfˈtin/,1
fifty,五十, /ˈfɪfti/,1
fight,打架；戰鬥, /faɪt/,1
fill,填滿, /fɪl/,1
film,電影；底片, /fɪlm/,1
final,最後的, /ˈfaɪnl/,1
find,尋找；發現, /faɪnd/,1
fine,美好的；罰款, /faɪn/,1
finger,手指, /ˈfɪŋɡɚ/,1
finish,完成, /ˈfɪnɪʃ/,1
fire,火；開槍, /ˈfaɪɚ/,1
first,第一, /fɝst/,1
fish,魚；釣魚, /fɪʃ/,1
fisherman,漁夫, /ˈfɪʃɚmən/,1
five,五, /faɪv/,1
fix,修理；固定, /fɪks/,1
flag,旗幟, /flæɡ/,1
floor,地板；樓層, /flɔr/,1
flower,花朵, /ˈflaʊɚ/,1
flu,流感, /flu/,1
fly,飛；蒼蠅, /flaɪ/,1
follow,跟隨, /ˈfɑlo/,1
food,食物, /fud/,1
foot,腳；呎, /fʊt/,1
football,美式足球, /ˈfʊtˌbɔl/,1
for,為了；給, /fɔr/,1
foreign,外國的, /ˈfɔrən/,1
foreigner,外國人, /ˈfɔrənɚ/,1
forget,忘記, /fɚˈɡɛt/,1
fork,叉子, /fɔrk/,1
forty,四十, /ˈfɔrti/,1
four,四, /fɔr/,1
fourteen,十四, /fɔrˈtin/,1
fox,狐狸, /fɑks/,1
free,免費的；自由的, /fri/,1
french fries,薯條, /frɛntʃ fraɪz/,1
fresh,新鮮的, /frɛʃ/,1
friday,星期五, /ˈfraɪde/,1
friend,朋友, /frɛnd/,1
friendly,友善的, /ˈfrɛndli/,1
frog,青蛙, /frɑɡ/,1
from,來自, /frʌm/,1
front,前面, /frʌnt/,1
fruit,水果, /frut/,1
full,滿的；飽的, /fʊl/,1
fun,樂趣, /fʌn/,1
funny,好笑的, /ˈfʌni/,1
future,未來, /ˈfjutʃɚ/,1
game,遊戲；比賽, /ɡem/,1
garbage,垃圾, /ˈɡɑrbɪdʒ/,1
garden,花園, /ˈɡɑrdn/,1
gas,瓦斯；汽油, /ɡæs/,1
get,得到；到達, /ɡɛt/,1
gift,禮物；天賦, /ɡɪft/,1
girl,女孩, /ɡɝl/,1
give,給予, /ɡɪv/,1
glad,高興的, /ɡlæd/,1
glass,玻璃；玻璃杯, /ɡlæs/,1
glasses,眼鏡, /ˈɡlæsɪz/,1
glove,手套, /ɡlʌv/,1
go,去, /ɡo/,1
goat,山羊, /ɡot/,1
god,上帝；神, /ɡɑd/,1
gold,黃金, /ɡold/,1
golf,高爾夫球, /ɡɑlf/,1
good,好的, /ɡʊd/,1
good-bye/bye,再見, /ˌɡʊdˈbaɪ/ /baɪ/,1
goose,鵝, /ɡus/,1
grade,年級；成績, /ɡred/,1
gram,克（重量單位）, /ɡræm/,1
grandfather/grandpa,祖父；外公, /ˈɡrændˌfɑðɚ/ /ˈɡræmˌpɑ/,1
grandmother/grandma,祖母；外婆, /ˈɡrændˌmʌðɚ/ /ˈɡræmˌmɑ/,1
grape,葡萄, /ɡrep/,1
grass,草地, /ɡræs/,1
gray,灰色的, /ɡre/,1
great,棒的；偉大的, /ɡret/,1
green,綠色的, /ɡrin/,1
ground,地面, /ɡraʊnd/,1
group,團體, /ɡrup/,1
grow,生長；種植, /ɡro/,1
guava,芭樂, /ˈɡwɑvə/,1
guess,猜測, /ɡɛs/,1
guitar,吉他, /ɡɪˈtɑr/,1
guy,傢夥；人, /ɡaɪ/,1
habit,習慣, /ˈhæbət/,1
hair,頭髮, /hɛr/,1
haircut,理髮, /ˈhɛrˌkʌt/,1
half,一半, /hæf/,1
ham,火腿, /hæm/,1
hamburger,漢堡, /ˈhæmˌbɝɡɚ/,1
hand,手；遞給, /hænd/,1
handbag,手提包, /ˈhændˌbæɡ/,1
handsome,英俊的, /ˈhænsəm/,1
happen,發生, /ˈhæpən/,1
happy,快樂的, /ˈhæpi/,1
hard,努力的；堅硬的, /hɑrd/,1
hard-working,勤勉的, /ˈhɑrdˌwɝkɪŋ/,1
hat,帽子（有邊）, /hæt/,1
hate,討厭；恨, /het/,1
have,有；吃, /hæv/,1
he,他, /hi/,1
head,頭部, /hɛd/,1
headache,頭痛, /ˈhɛdˌek/,1
health,健康, /hɛlθ/,1
healthy,健康的, /ˈhɛlθi/,1
hear,聽見, /hɪr/,1
heart,心臟；心, /hɑrt/,1
heat,加熱；高溫, /hit/,1
heavy,沉重的, /ˈhɛvi/,1
hello,你好, /həˈlo/,1
help,幫忙, /hɛlp/,1
helpful,有幫助的, /ˈhɛlpfəl/,1
hen,母雞, /hɛn/,1
here,這裡, /hɪr/,1
hey,嗨, /he/,1
hi,嗨, /haɪ/,1
hide,躲藏, /haɪd/,1
high,高的, /haɪ/,1
hike,徒步健行, /haɪk/,1
hill,山丘, /hɪl/,1
history,歷史, /ˈhɪstəri/,1
hit,打擊；打擊樂, /hɪt/,1
hobby,嗜好, /ˈhɑbi/,1
hold,抓住；舉辦, /hold/,1
hole,洞, /hol/,1
holiday,假日, /ˈhɑləˌde/,1
home,家, /hom/,1
homemaker,家庭主婦, /ˈhomˌmekɚ/,1
homesick,想家的, /ˈhomˌsɪk/,1
homework,作業, /ˈhomˌwɝk/,1
honest,誠實的, /ˈɑnɪst/,1
hope,希望, /hop/,1
horse,馬, /hɔrs/,1
hospital,醫院, /ˈhɑspɪtl/,1
hot,熱的, /hɑt/,1
hot dog,熱狗, /hɑt dɔɡ/,1
hotel,飯店, /hoˈtɛl/,1
hour,小時, /ˈaʊɚ/,1
house,房子, /haʊs/,1
housewife,主婦, /ˈhaʊsˌwaɪf/,1
housework,家事, /ˈhaʊsˌwɝk/,1
how,如何, /haʊ/,1
however,然而, /haʊˈɛvɚ/,1
hundred,百, /ˈhʌndrəd/,1
hungry,飢餓的, /ˈhʌŋɡri/,1
hunt,打獵；尋找, /hʌnt/,1
hurry,趕快, /ˈhɝi/,1
hurt,受傷；傷害, /hɝt/,1
husband,丈夫, /ˈhʌzbənd/,1
i,我, /aɪ/,1
ice,冰, /aɪs/,1
ice cream,冰淇淋, /aɪs krim/,1
idea,想法, /aɪˈdiə/,1
if,如果, /ɪf/,1
important,重要的, /ɪmˈpɔrtnt/,1
in,在...裡面, /ɪn/,1
inside,在...內部, /ɪnˈsaɪd/,1
interest,興趣, /ˈɪntrəst/,1
interested,感興趣的, /ˈɪntrəstəd/,1
interesting,有趣的, /ˈɪntrəstɪŋ/,1
into,進入, /ˈɪntu/,1
island,島嶼, /ˈaɪlənd/,1
it,它, /ɪt/,1
jacket,夾克, /ˈdʒækɪt/,1
january,一月, /ˈdʒænjuˌɛri/,1
jeans,牛仔褲, /dʒinz/,1
job,工作, /dʒɑb/,1
jog,慢跑, /dʒɑɡ/,1
join,加入, /dʒɔɪn/,1
joy,喜悅, /dʒɔɪ/,1
juice,果汁, /dʒus/,1
july,七月, /dʒuˈlaɪ/,1
jump,跳躍, /dʒʌmp/,1
june,六月, /dʒun/,1
junior high school,國中, /ˈdʒunjɚ haɪ skul/,1
just,只是；剛剛, /dʒʌst/,1
keep,保持；保留, /kip/,1
key,鑰匙；關鍵, /ki/,1
kick,踢, /kɪk/,1
kid,小孩, /kɪd/,1
kill,殺害, /kɪl/,1
kilogram,公斤, /ˈkɪləˌɡræm/,1
kilometer,公里, /kɪˈlɑmətɚ/,1
kind,仁慈的；種類, /kaɪnd/,1
king,國王, /kɪŋ/,1
kiss,吻, /kɪs/,1
kitchen,廚房, /ˈkɪtʃən/,1
kite,風箏, /kaɪt/,1
knee,膝蓋, /ni/,1
knife,刀子, /naɪf/,1
knock,敲, /nɑk/,1
know,知道, /no/,1
knowledge,知識, /ˈnɑlɪdʒ/,1
lake,湖泊, /lek/,1
lamp,檯燈, /læmp/,1
land,土地；著陸, /lænd/,1
language,語言, /ˈlæŋɡwɪdʒ/,1
lantern,提燈；燈籠, /ˈlæntɚn/,1
large,大的, /lɑrdʒ/,1
last,最後的；持續, /læst/,1
late,晚的；遲到的, /let/,1
later,稍後, /ˈletɚ/,1
laugh,大笑, /læf/,1
lead,領導；帶領, /lid/,1
leader,領袖, /ˈlidɚ/,1
learn,學習, /lɝn/,1
least,最少的, /list/,1
leave,離開；留下, /liv/,1
left,左邊, /lɛft/,1
leg,腿, /lɛɡ/,1
lemon,檸檬, /ˈlɛmən/,1
lend,借出, /lɛnd/,1
less,較少的, /lɛs/,1
lesson,課；教訓, /ˈlɛsn/,1
let,讓, /lɛt/,1
letter,信；字母, /ˈlɛtɚ/,1
lettuce,萵苣, /ˈlɛtəs/,1
library,圖書館, /ˈlaɪbrɛri/,1
lie,躺；說謊, /laɪ/,1
life,生活；生命, /laɪf/,1
light,光；輕的, /laɪt/,1
like,喜歡；像, /laɪk/,1
line,線；排隊, /laɪn/,1
lion,獅子, /ˈlaɪən/,1
lip,嘴唇, /lɪp/,1
list,清單, /lɪst/,1
listen,聽, /ˈlɪsn/,1
little,小的；少的, /ˈlɪtl/,1
live,居住；活的, /lɪv/,1
living room,客廳, /ˈlɪvɪŋ rum/,1
lonely,孤獨的, /ˈlonli/,1
long,長的, /lɔŋ/,1
look,看；看起來, /lʊk/,1
lose,失去；輸掉, /luz/,1
loud,大聲的, /laʊd/,1
love,愛, /lʌv/,1
lovely,可愛的, /ˈlʌvli/,1
low,低的, /lo/,1
lucky,幸運的, /ˈlʌki/,1
lunch,午餐, /lʌntʃ/,1
machine,機器, /məˈʃin/,1
magic,魔法, /ˈmædʒɪk/,1
mail,郵件, /mel/,1
mailman,郵差, /ˈmelˌmæn/,1
make,製造；使得, /mek/,1
man,男人, /mæn/,1
many,許多的, /ˈmɛni/,1
map,地圖, /mæp/,1
march,三月, /mɑrtʃ/,1
mark,標記；分數, /mɑrk/,1
market,市場, /ˈmɑrkɪt/,1
married,已婚的, /ˈmærɪd/,1
math,數學, /mæθ/,1
matter,事情；要緊, /ˈmætɚ/,1
may,可能；可以, /me/,1
maybe,也許, /ˈmebi/,1
meal,餐, /mil/,1
mean,意思是；惡劣的, /min/,1
meat,肉類, /mit/,1
medicine,藥物, /ˈmɛdəsɪn/,1
medium,中等的, /ˈmidiəm/,1
meet,遇見, /mit/,1
meeting,會議, /ˈmitɪŋ/,1
member,成員, /ˈmɛmbɚ/,1
memory,記憶, /ˈmɛməri/,1
men,男人（複數）, /mɛn/,1
menu,菜單, /ˈmɛnju/,1
mile,英哩, /maɪl/,1
milk,牛奶, /mɪlk/,1
million,百萬, /ˈmɪljən/,1
mind,介意；心智, /maɪnd/,1
mine,我的（所有格代名詞）, /maɪn/,1
minute,分鐘, /ˈmɪnɪt/,1
miss,想念；錯過；小姐, /mɪs/,1
mistake,錯誤, /mɪˈstek/,1
modern,現代的, /ˈmɑdɚn/,1
mom/mommy,媽媽, /mɑm/ /ˈmɑmi/,1
monday,星期一, /ˈmʌnde/,1
money,錢, /ˈmʌni/,1
monkey,猴子, /ˈmʌŋki/,1
month,月份, /mʌnθ/,1
moon,月亮, /mun/,1
more,更多的, /mɔr/,1
morning,早上, /ˈmɔrnɪŋ/,1
mop,拖把, /mɑp/,1
most,最多的；大部分, /most/,1
mother,母親, /ˈmʌðɚ/,1
motorcycle,摩托車, /ˈmotɚˌsaɪkl/,1
mountain,高山, /ˈmaʊntn/,1
mouse,老鼠, /maʊs/,1
mouth,嘴巴, /maʊθ/,1
move,移動；搬家, /muv/,1
movie,電影, /ˈmuvi/,1
mr.,先生, /ˈmɪstɚ/,1
mrs.,太太, /ˈmɪsɪz/,1
ms.,女士, /mɪz/,1
much,許多（不可數）, /mʌtʃ/,1
mud,泥巴, /mʌd/,1
museum,博物館, /mjuˈziəm/,1
music,音樂, /ˈmjuzɪk/,1
must,必須, /mʌst/,1
name,名字, /nem/,1
national,國家的, /ˈnæʃənəl/,1
near,靠近, /nɪr/,1
neck,脖子, /nɛk/,1
need,需要, /nid/,1
never,從不, /ˈnɛvɚ/,1
new,新的, /nju/,1
news,新聞, /njuz/,1
newspaper,報紙, /ˈnjuzˌpepɚ/,1
next,下一個, /nɛkst/,1
nice,美好的；好的, /naɪs/,1
night,夜晚, /naɪt/,1
nine,九, /naɪn/,1
nineteen,十九, /ˌnaɪnˈtin/,1
ninety,九十, /ˈnaɪnti/,1
no,不, /no/,1
nobody,沒有人, /ˈnoˌbɑdi/,1
noodle,麵條, /ˈnudl/,1
noon,中午, /nun/,1
north,北方, /nɔrθ/,1
nose,鼻子, /noz/,1
not,不, /nɑt/,1
notebook,筆記本, /ˈnotˌbʊk/,1
nothing,沒有東西, /ˈnʌθɪŋ/,1
notice,注意；公告, /ˈnotɪs/,1
november,十一月, /noˈvɛmbɚ/,1
now,現在, /naʊ/,1
number,數字, /ˈnʌmbɚ/,1
nurse,護士, /nɝs/,1
o'clock,點鐘, /əˈklɑk/,1
october,十月, /ɑkˈtobɚ/,1
of,的, /ʌv/,1
off,關閉；離開, /ɔf/,1
office,辦公室, /ˈɔfɪs/,1
officer,官員；警察, /ˈɔfəsɚ/,1
often,經常, /ˈɔfən/,1
oil,油, /ɔɪl/,1
ok,好的, /oˈke/,1
old,老的；舊的, /old/,1
on,在...上面, /ɑn/,1
once,一次；曾經, /wʌns/,1
one,一, /wʌn/,1
onion,洋蔥, /ˈʌnjən/,1
only,只有, /ˈonli/,1
open,打開, /ˈopən/,1
or,或者, /ɔr/,1
orange,柳橙；橘色的, /ˈɔrɪndʒ/,1
order,點餐；命令；順序, /ˈɔrdɚ/,1
other,其他的, /ˈʌðɚ/,1
out,外面, /aʊt/,1
outside,在外面, /ˌaʊtˈsaɪd/,1
over,在...上方；結束, /ˈovɚ/,1
own,自己的, /on/,1
pack,打包, /pæk/,1
package,包裹, /ˈpækɪdʒ/,1
page,頁, /pedʒ/,1
paint,繪畫；油漆, /pent/,1
pair,一雙；一對, /pɛr/,1
paper,紙張, /ˈpepɚ/,1
pardon,原諒, /ˈpɑrdn/,1
parent,雙親之一, /ˈpɛrənt/,1
park,公園；停車, /pɑrk/,1
part,部分, /pɑrt/,1
party,派對, /ˈpɑrti/,1
pass,通過；傳遞, /pæs/,1
past,過去的, /pæst/,1
pay,付款, /pe/,1
pea,豌豆, /pi/,1
peach,桃子, /pitʃ/,1
pear,梨子, /pɛr/,1
pen,鋼筆, /pɛn/,1
pencil,鉛筆, /ˈpɛnsəl/,1
people,人們, /ˈpipəl/,1
percent,百分之..., /pɚˈsɛnt/,1
perhaps,或許, /pɚˈhæps/,1
person,人, /ˈpɝsn/,1
pet,寵物, /pɛt/,1
phone,電話, /fon/,1
photo,照片, /ˈfoto/,1
piano,鋼琴, /piˈæno/,1
pick,挑選；採摘, /pɪk/,1
picnic,野餐, /ˈpɪknɪk/,1
picture,圖畫；照片, /ˈpɪktʃɚ/,1
pie,派, /paɪ/,1
piece,一片；一塊, /pis/,1
pig,豬, /pɪɡ/,1
pin,大頭針, /pɪn/,1
pink,粉紅色的, /pɪŋk/,1
pipe,水管；煙斗, /paɪp/,1
pizza,披薩, /ˈpizə/,1
place,地方, /ples/,1
plan,計畫, /plæn/,1
plane,飛機, /plen/,1
planet,行星, /ˈplænɪt/,1
plant,植物；種植, /plænt/,1
plastic,塑膠, /ˈplæstɪk/,1
plate,盤子, /plet/,1
play,玩；演奏；戲劇, /ple/,1
player,玩家；選手, /ˈpleɚ/,1
playground,操場, /ˈpleˌɡraʊnd/,1
please,請, /pliz/,1
pleased,高興的, /plizd/,1
pocket,口袋, /ˈpɑkət/,1
point,點；指著, /pɔɪnt/,1
police,警察, /pəˈlis/,1
polite,有禮貌的, /pəˈlaɪt/,1
poor,貧窮的；可憐的, /pʊr/,1
popcorn,爆米花, /ˈpɑpˌkɔrn/,1
popular,受歡迎的, /ˈpɑpjəlɚ/,1
pork,豬肉, /pɔrk/,1
possible,可能的, /ˈpɑsəbl/,1
post,郵寄；貼文, /post/,1
post office,郵局, /post ˈɔfɪs/,1
postcard,明信片, /ˈpostˌkɑrd/,1
pot,鍋子, /pɑt/,1
potato,馬鈴薯, /pəˈteto/,1
pound,磅（重量單位）, /paʊnd/,1
practice,練習, /ˈpræktɪs/,1
prepare,準備, /prɪˈpɛr/,1
present,禮物；出席的, /ˈprɛznt/,1
pretty,漂亮的；相當地, /ˈprɪti/,1
price,價格, /praɪs/,1
problem,問題, /ˈprɑbləm/,1
program,節目；程序, /ˈproɡræm/,1
proud,驕傲的, /praʊd/,1
public,公眾的, /ˈpʌblɪk/,1
pull,拉, /pʊl/,1
pumpkin,南瓜, /ˈpʌmpkɪn/,1
puppy,小狗, /ˈpʌpi/,1
purple,紫色的, /ˈpɝpl/,1
push,推, /pʊʃ/,1
put,放置, /pʊt/,1
quarter,四分之一；15分鐘, /ˈkwɔrtɚ/,1
queen,女王, /kwin/,1
question,問題, /ˈkwɛstʃən/,1
quick,快的, /kwɪk/,1
quiet,安靜的, /ˈkwaɪət/,1
quite,相當地, /kwaɪt/,1
rabbit,兔子, /ˈræbɪt/,1
race,賽跑；種族, /res/,1
radio,收音機, /ˈredio/,1
railway,鐵路, /ˈrelˌwe/,1
rain,下雨；雨水, /ren/,1
rainbow,彩虹, /ˈrenˌbo/,1
rainy,下雨的, /ˈreni/,1
raise,舉起；撫養, /rez/,1
rat,大老鼠, /ræt/,1
read,閱讀, /rid/,1
ready,準備好的, /ˈrɛdi/,1
real,真實的, /riəl/,1
receive,收到, /rɪˈsiv/,1
red,紅色的, /rɛd/,1
refrigerator/fridge,冰箱, /rɪˈfrɪdʒəˌretɚ/ /frɪdʒ/,1
remember,記住, /rɪˈmɛmbɚ/,1
repeat,重複, /rɪˈpit/,1
rest,休息；其餘部分, /rɛst/,1
restaurant,餐廳, /ˈrɛstərənt/,1
result,結果, /rɪˈzʌlt/,1
rice,米飯, /raɪs/,1
rich,有錢的, /rɪtʃ/,1
ride,騎；搭乘, /raɪd/,1
right,右邊；正確的, /raɪt/,1
ring,戒指；響起, /rɪŋ/,1
river,河流, /ˈrɪvɚ/,1
road,道路, /rod/,1
robot,機器人, /ˈrobɑt/,1
rock,岩石；搖滾樂, /rɑk/,1
roller skating,溜冰, /ˈrolɚ ˈsketɪŋ/,1
roof,屋頂, /ruf/,1
room,房間；空間, /rum/,1
rope,繩子, /rop/,1
rose,玫瑰花, /roz/,1
round,圓的, /raʊnd/,1
row,划船；一排, /ro/,1
rub,摩擦, /rʌb/,1
ruler,尺；統治者, /ˈrulɚ/,1
run,跑步, /rʌn/,1
sad,難過的, /sæd/,1
safe,安全的；保險箱, /sef/,1
sail,航行, /sel/,1
salad,沙拉, /ˈsæləd/,1
sale,特賣；出售, /sel/,1
salt,鹽, /sɔlt/,1
same,相同的, /sem/,1
sandwich,三明治, /ˈsændwɪtʃ/,1
saturday,星期六, /ˈsætɚde/,1
save,拯救；儲存, /sev/,1
say,說, /se/,1
scared,感到害怕的, /skɛrd/,1
school,學校, /skul/,1
sea,海洋, /si/,1
search,搜尋, /sɝtʃ/,1
season,季節, /ˈsizn/,1
seat,座位, /sit/,1
second,第二；秒, /ˈsɛkənd/,1
secretary,秘書, /ˈsɛkrəˌtɛri/,1
see,看見, /si/,1
seed,種子, /sid/,1
seesaw,蹺蹺板, /ˈsiˌsɔ/,1
seldom,很少, /ˈsɛldəm/,1
sell,賣, /sɛl/,1
send,寄送, /sɛnd/,1
senior high school,高中, /ˈsinjɚ haɪ skul/,1
september,九月, /sɛpˈtɛmbɚ/,1
serious,嚴肅的；認真的, /ˈsɪriəs/,1
servant,僕人, /ˈsɝvənt/,1
seven,七, /ˈsɛvən/,1
seventeen,十七, /ˌsɛvənˈtin/,1
seventy,七十, /ˈsɛvənti/,1
several,幾個；數個, /ˈsɛvrəl/,1
shake,握手；搖晃, /ʃek/,1
shall,將要, /ʃæl/,1
shape,形狀, /ʃep/,1
shark,鯊魚, /ʃɑrk/,1
she,她, /ʃi/,1
sheep,綿羊, /ʃip/,1
shine,發光, /ʃaɪn/,1
ship,船, /ʃɪp/,1
shirt,襯衫, /ʃɝt/,1
shoe,鞋子, /ʃu/,1
shop,商店；購物, /ʃɑp/,1
shopkeeper,店主, /ˈʃɑpˌkipɚ/,1
short,矮的；短的, /ʃɔrt/,1
shorts,短褲, /ʃɔrts/,1
should,應該, /ʃʊd/,1
shoulder,肩膀, /ˈʃoldɚ/,1
show,展示；表演, /ʃo/,1
shower,淋浴, /ˈʃaʊɚ/,1
shy,害羞的, /ʃaɪ/,1
sick,生病的, /sɪk/,1
side,邊；側, /saɪd/,1
sidewalk,人行道, /ˈsaɪdˌwɔk/,1
sign,標誌；簽名, /saɪn/,1
silver,銀色的；白銀, /ˈsɪlvɚ/,1
simple,簡單的, /ˈsɪmpl/,1
since,自從..., /sɪns/,1
sing,唱歌, /sɪŋ/,1
singer,歌手, /ˈsɪŋɚ/,1
sir,先生, /sɝ/,1
sister,姊妹, /ˈsɪstɚ/,1
sit,坐, /sɪt/,1
six,六, /sɪks/,1
sixteen,十六, /ˌsɪksˈtin/,1
sixty,六十, /ˈsɪkst/i,1
size,尺寸, /saɪz/,1
skate,溜冰, /sket/,1
skirt,裙子, /skɝt/,1
sky,天空, /skaɪ/,1
sleep,睡覺, /slip/,1
slide,溜滑梯, /slaɪd/,1
slim,苗條的, /slɪm/,1
slow,慢的, /slo/,1
small,小的, /smɔl/,1
smart,聰明的, /smɑrt/,1
smell,聞起來；氣味, /smɛl/,1
smile,微笑, /smaɪl/,1
smoke,抽煙；煙, /smok/,1
snack,零食, /snæk/,1
snake,蛇, /snek/,1
snow,下雪；雪, /sno/,1
snowy,下雪的, /ˈsnoi/,1
so,所以, /so/,1
sock,襪子, /sɑk/,1
soda,汽水, /ˈsodə/,1
sofa,沙發, /ˈsofə/,1
soft,柔軟的, /sɔft/,1
soldier,士兵, /ˈsoldʒɚ/,1
some,一些, /sʌm/,1
someone/somebody,某人, /ˈsʌmˌwʌn/ /ˈsʌmˌbɑdi/,1
something,某事, /ˈsʌmˌθɪŋ/,1
sometimes,有時候, /ˈsʌmˌtaɪmz/,1
somewhere,某處, /ˈsʌmˌwɛr/,1
son,兒子, /sʌn/,1
song,歌曲, /sɔŋ/,1
soon,很快, /sun/,1
sore,疼痛的, /sɔr/,1
sorry,抱歉的, /ˈsɑri/,1
sound,聽起來；聲音, /saʊnd/,1
soup,湯, /sup/,1
sour,酸的, /ˈsaʊɚ/,1
south,南方, /saʊθ/,1
spaghetti,義大利麵, /spəˈɡɛti/,1
speak,說（語言）, /spik/,1
special,特別的, /ˈspɛʃəl/,1
spell,拼字, /spɛl/,1
spend,花費（時間/金錢）, /spɛnd/,1
spoon,湯匙, /spun/,1
sports,運動, /spɔrts/,1
spring,春天；溫泉, /sprɪŋ/,1
square,正方形；廣場, /skwɛr/,1
stairs,樓梯, /stɛrz/,1
stamp,郵票；蓋章, /stæmp/,1
stand,站立, /stænd/,1
star,星星；明星, /stɑr/,1
start,開始, /stɑrt/,1
station,車站, /ˈsteʃən/,1
stay,停留, /ste/,1
steak,牛排, /stek/,1
steal,偷竊, /stil/,1
still,仍然, /stɪl/,1
stomach,胃, /ˈstʌmək/,1
stomachache,胃痛, /ˈstʌməkˌek/,1
stop,停止；車站, /stɑp/,1
store,商店, /stɔr/,1
story,故事, /ˈstɔri/,1
straight,直的, /stret/,1
strange,奇怪的；陌生的, /strendʒ/,1
stranger,陌生人, /ˈstrendʒɚ/,1
strawberry,草莓, /ˈstrɔˌbɛri/,1
street,街道, /strit/,1
strong,強壯的, /strɔŋ/,1
student,學生, /ˈstudnt/,1
study,研讀, /ˈstʌdi/,1
stupid,笨拙的, /ˈstujpəd/,1
subway,地鐵, /ˈsʌbˌwe/,1
sugar,糖, /ˈʃʊɡɚ/,1
summer,夏天, /ˈsʌmɚ/,1
sun,太陽, /sʌn/,1
sunday,星期日, /ˈsʌnde/,1
sunny,晴朗的, /ˈsʌni/,1
supermarket,超級市場, /ˈsupɚˌmɑrkɪt/,1
sure,確定的, /ʃʊr/,1
surf,衝浪, /sɝf/,1
surprise,驚喜；使驚訝, /sɚˈpraɪz/,1
surprised,感到驚訝的, /sɚˈpraɪzd/,1
sweater,毛衣, /ˈswɛtɚ/,1
sweet,甜的；可愛的, /swit/,1
swim,游泳, /swɪm/,1
table,桌子, /ˈtebl/,1
tail,尾巴, /tel/,1
take,拿；搭乘；花費, /tek/,1
talk,說話, /tɔk/,1
tall,高的, /tɔl/,1
tape,膠帶；錄音帶, /tep/,1
taste,品嚐；味道, /test/,1
taxi,計程車, /ˈtæksi/,1
tea,茶, /ti/,1
teach,教導, /titʃ/,1
teacher,老師, /ˈtitʃɚ/,1
team,團隊, /tim/,1
teenager,青少年, /ˈtinˌedʒɚ/,1
telephone,電話, /ˈtɛləˌfon/,1
television/tv,電視, /ˈtɛləˌvɪʒən/,1
tell,告訴, /tɛl/,1
ten,十, /tɛn/,1
tennis,網球, /ˈtɛnɪs/,1
tent,帳篷, /tɛnt/,1
terrible,糟糕的, /ˈtɛrəbl/,1
test,測驗, /tɛst/,1
than,比（比較級）, /ðæn/,1
thank,感謝, /θæŋk/,1
that,那一個, /ðæt/,1
the,這；那, /ðə/,1
theater,戲院；劇院, /ˈθiətɚ/,1
then,然後；那時, /ðɛn/,1
there,那裡, /ðɛr/,1
these,這些, /ðiz/,1
they,他們, /ðe/,1
thin,瘦的；薄的, /θɪn/,1
thing,事情；東西, /θɪŋ/,1
think,思考, /θɪŋk/,1
third,第三, /θɝd/,1
thirsty,口渴的, /ˈθɝsti/,1
thirteen,十三, /θɝˈtin/,1
thirty,三十, /ˈθɝti/,1
this,這一個, /ðɪs/,1
those,那些, /ðoz/,1
though,雖然, /ðo/,1
thousand,千, /ˈθaʊznd/,1
three,三, /θri/,1
throw,丟, /θro/,1
thursday,星期四, /ˈθɝzde/,1
ticket,票, /ˈtɪkɪt/,1
tidy,整潔的, /ˈtaɪdi/,1
tie,領帶；繫, /taɪ/,1
tiger,老虎, /ˈtaɪɡɚ/,1
time,時間；次數, /taɪm/,1
tired,累的, /ˈtaɪɚd/,1
to,到；向, /tu/,1
toast,吐司, /tost/,1
today,今天, /təˈde/,1
together,一起, /təˈɡɛðɚ/,1
tomato,番茄, /təˈmeto/,1
tomorrow,明天, /təˈmɑro/,1
tonight,今晚, /təˈnaɪt/,1
too,太；也, /tu/,1
tooth,牙齒, /tuθ/,1
toothache,牙痛, /ˈtuθˌek/,1
toothbrush,牙刷, /ˈtuθˌbrʌʃ/,1
top,頂端, /tɑp/,1
touch,觸摸, /tʌtʃ/,1
towel,毛巾, /ˈtaʊəl/,1
town,城鎮, /taʊn/,1
toy,玩具, /tɔɪ/,1
traffic,交通, /ˈtræfɪk/,1
train,火車；訓練, /tren/,1
trash,垃圾, /træʃ/,1
travel,旅行, /ˈtrævl/,1
tree,樹, /tri/,1
trick,惡作劇；特技, /trɪk/,1
trip,旅程, /trɪp/,1
trouble,麻煩, /ˈtrʌbl/,1
truck,卡車, /trʌk/,1
true,真實的, /tru/,1
try,嘗試, /traɪ/,1
t-shirt,T恤, /ˈtiˌʃɝt/,1
tuesday,星期二, /ˈtuzde/,1
turkey,火雞, /ˈtɝki/,1
turn,轉動；輪到, /tɝn/,1
twelve,十二, /twɛlv/,1
twenty,二十, /ˈtwɛnti/,1
two,二, /tu/,1
typhoon,颱風, /taɪˈfun/,1
umbrella,雨傘, /ʌmˈbrɛlə/,1
uncle,伯父；叔父；舅舅, /ˈʌŋkl/,1
under,在...下面, /ˈʌndɚ/,1
understand,理解, /ˌʌndɚˈstænd/,1
unhappy,不快樂的, /ʌnˈhæpi/,1
uniform,制服, /ˈjunəˌfɔrm/,1
until,直到..., /ənˈtɪl/,1
up,向上, /ʌp/,1
upon,在...之上, /əˈpɔn/,1
us,我們（受格）, /ʌs/,1
use,使用, /juz/,1
useful,有用的, /ˈjusfəl/,1
usually,通常, /ˈjuʒuəli/,1
vacation,假期, /veˈkeʃən/,1
vegetable,蔬菜, /ˈvɛdʒtəbl/,1
very,非常, /ˈvɛri/,1
video,影片, /ˈvɪdio/,1
violin,小提琴, /ˌvaɪəˈlɪn/,1
visit,造訪；參觀, /ˈvɪzɪt/,1
voice,聲音, /vɔɪs/,1
wait,等待, /wet/,1
waiter/waitress,服務生, /ˈwetɚ/ /ˈwetrɪs/,1
wake,醒來, /wek/,1
walk,走路, /wɔk/,1
wall,牆壁, /wɔl/,1
wallet,皮夾, /ˈwɑlɪt/,1
want,想要, /wɑnt/,1
warm,溫暖的, /wɔrm/,1
wash,洗, /wɑʃ/,1
watch,手錶；觀看, /wɑtʃ/,1
water,水, /ˈwɔtɚ/,1
watermelon,西瓜, /ˈwɔtɚˌmɛlən/,1
wave,揮手；海浪, /wev/,1
way,道路；方法, /we/,1
we,我們, /wi/,1
weak,虛弱的, /wik/,1
wear,穿著, /wɛr/,1
weather,天氣, /ˈwɛðɚ/,1
wednesday,星期三, /ˈwɛnzde/,1
week,星期；週, /wik/,1
weekend,週末, /ˈwikˌɛnd/,1
welcome,歡迎, /ˈwɛlkəm/,1
well,好地；健康地, /wɛl/,1
west,西方, /wɛst/,1
wet,濕的, /wɛt/,1
what,什麼, /hwʌt/,1
wheel,輪子, /hwil/,1
when,何時, /hwɛn/,1
where,何處, /hwɛr/,1
whether,是否, /ˈhwɛðɚ/,1
which,哪一個, /hwɪtʃ/,1
white,白色的, /hwaɪt/,1
who,誰, /hu/,1
whose,誰的, /huz/,1
why,為什麼, /hwaɪ/,1
wife,妻子, /waɪf/,1
win,贏得, /wɪn/,1
wind,風, /wɪnd/,1
window,窗戶, /ˈwɪndo/,1
windy,颳風的, /ˈwɪndi/,1
winner,贏家, /ˈwɪnɚ/,1
winter,冬天, /ˈwɪntɚ/,1
wise,明智的, /waɪz/,1
wish,祝福；願望, /wɪʃ/,1
with,和...一起；用, /wɪð/,1
without,沒有..., /wɪˈðaʊt/,1
woman,女人, /ˈwʊmən/,1
women,女人（複數）, /ˈwɪmɪn/,1
wonderful,美好的, /ˈwʌndɚfəl/,1
word,單字, /wɝd/,1
work,工作, /wɝk/,1
worker,工人；工作者, /ˈwɝkɚ/,1
world,世界, /wɝld/,1
worry,擔心, /ˈwɝi/,1
write,寫, /raɪt/,1
writer,作家, /ˈraɪtɚ/,1
wrong,錯誤的, /rɔŋ/,1
year,年份, /jɪr/,1
yellow,黃色的, /ˈjɛlo/,1
yes,是的, /jɛs/,1
yesterday,昨天, /ˈjɛstɚde/,1
yet,還（沒）, /jɛt/,1
you,你；你們, /ju/,1
young,年輕的, /jʌŋ/,1
zoo,動物園, /zu/,1
